{
	"info": {
		"_postman_id": "bc669986-8187-46b1-b548-b4ee36619a5e",
		"name": "site de noticias",
		"schema": "https://schema.getpostman.com/json/collection/v2.1.0/collection.json",
		"_exporter_id": "26808341"
	},
	"item": [
		{
			"name": "noticias",
			"request": {
				"method": "GET",
				"header": [],
				"url": {
					"raw": "http://localhost:8080/noticias",
					"protocol": "http",
					"host": [
						"localhost"
					],
					"port": "8080",
					"path": [
						"noticias"
					]
				}
			},
			"response": []
		},
		{
			"name": "noticias",
			"request": {
				"method": "POST",
				"header": [],
				"body": {
					"mode": "raw",
					"raw": "{\r\n    \"autor\": \"1\",\r\n    \"titulo\": \"1\",\r\n    \"texto\": \"1\"\r\n}",
					"options": {
						"raw": {
							"language": "json"
						}
					}
				},
				"url": {
					"raw": "http://localhost:8080/noticias",
					"protocol": "http",
					"host": [
						"localhost"
					],
					"port": "8080",
					"path": [
						"noticias"
					]
				}
			},
			"response": []
		},
		{
			"name": "noticias",
			"request": {
				"method": "PUT",
				"header": [],
				"body": {
					"mode": "raw",
					"raw": "{\r\n    \"autor\": \"\",\r\n    \"titulo\": \"\",\r\n    \"texto\": \"\",\r\n    \"data\": \"2024-05-10\"\r\n}",
					"options": {
						"raw": {
							"language": "json"
						}
					}
				},
				"url": {
					"raw": "http://localhost:8080/noticias/:id",
					"protocol": "http",
					"host": [
						"localhost"
					],
					"port": "8080",
					"path": [
						"noticias",
						":id"
					],
					"variable": [
						{
							"key": "id",
							"value": "1"
						}
					]
				}
			},
			"response": []
		},
		{
			"name": "noticias",
			"request": {
				"method": "DELETE",
				"header": [],
				"url": {
					"raw": "http://localhost:8080/noticias/:id",
					"protocol": "http",
					"host": [
						"localhost"
					],
					"port": "8080",
					"path": [
						"noticias",
						":id"
					],
					"variable": [
						{
							"key": "id",
							"value": "1"
						}
					]
				}
			},
			"response": []
		},
		{
			"name": "comentarios",
			"request": {
				"method": "GET",
				"header": [],
				"url": {
					"raw": "http://localhost:8080/noticias/:noticia-id/comentarios",
					"protocol": "http",
					"host": [
						"localhost"
					],
					"port": "8080",
					"path": [
						"noticias",
						":noticia-id",
						"comentarios"
					],
					"variable": [
						{
							"key": "noticia-id",
							"value": "1"
						}
					]
				}
			},
			"response": []
		},
		{
			"name": "comentarios",
			"request": {
				"method": "POST",
				"header": [],
				"body": {
					"mode": "raw",
					"raw": "{\r\n    \"usuario\": \"eu\",\r\n    \"texto\": \"texto\"\r\n}",
					"options": {
						"raw": {
							"language": "json"
						}
					}
				},
				"url": {
					"raw": "http://localhost:8080/noticias/:noticia-id/comentarios",
					"protocol": "http",
					"host": [
						"localhost"
					],
					"port": "8080",
					"path": [
						"noticias",
						":noticia-id",
						"comentarios"
					],
					"variable": [
						{
							"key": "noticia-id",
							"value": "1"
						}
					]
				}
			},
			"response": []
		},
		{
			"name": "comentarios",
			"request": {
				"method": "PUT",
				"header": [],
				"body": {
					"mode": "raw",
					"raw": "{\r\n    \"texto\": \"texto2\"\r\n}",
					"options": {
						"raw": {
							"language": "json"
						}
					}
				},
				"url": {
					"raw": "http://localhost:8080/noticias/:noticia-id/comentarios/:comentario-id",
					"protocol": "http",
					"host": [
						"localhost"
					],
					"port": "8080",
					"path": [
						"noticias",
						":noticia-id",
						"comentarios",
						":comentario-id"
					],
					"variable": [
						{
							"key": "noticia-id",
							"value": "1"
						},
						{
							"key": "comentario-id",
							"value": "2"
						}
					]
				}
			},
			"response": []
		},
		{
			"name": "comentarios",
			"request": {
				"method": "DELETE",
				"header": [],
				"url": {
					"raw": "http://localhost:8080/noticias/:noticia-id/comentarios/:comentario-id",
					"protocol": "http",
					"host": [
						"localhost"
					],
					"port": "8080",
					"path": [
						"noticias",
						":noticia-id",
						"comentarios",
						":comentario-id"
					],
					"variable": [
						{
							"key": "noticia-id",
							"value": "1"
						},
						{
							"key": "comentario-id",
							"value": "1"
						}
					]
				}
			},
			"response": []
		}
	]
}